Executive Name,AREA,count
sahil,ADARSH NAGAR,11
sahil,ADARSH NAGAR,10
,ADARSH NAGAR,5
,ADARSH NAGAR,22
Naman,ADARSH NAGAR,8
,ADARSH NAGAR,1
Sahil,ADARSH NAGAR,12
sahil,ADARSH NAGAR,25
sahil,ADARSH NAGAR,37
sahil,ADARSH NAGAR,15
sahil,ADARSH NAGAR,40
sahil,ADARSH NAGAR,20
sahil,ADARSH NAGAR,40
Naman,ADARSH NAGAR,13
sahil,ADARSH NAGAR,38
,ADARSH NAGAR,3
Ravi,AMBEDKAR NAGAR,30
Ravi,AMBEDKAR NAGAR,39
,AMBEDKAR NAGAR,29
,AMBEDKAR NAGAR,26
,AMBEDKAR NAGAR,17
,AMBEDKAR NAGAR,27
,AMBEDKAR NAGAR,32
sahil,AMBEDKAR NAGAR,22
Ravi,AMBEDKAR NAGAR,31
,AMBEDKAR NAGAR,28
Ravi,AMBEDKAR NAGAR,7
,AMBEDKAR NAGAR,23
,AMBEDKAR NAGAR,40
Ravi,AMBEDKAR NAGAR,6
Ravi,AMBEDKAR NAGAR,20
sahil,AMBEDKAR NAGAR,6
Ravi,AMBEDKAR NAGAR,22
Ravi,AMBEDKAR NAGAR,38
Ravi,AMBEDKAR NAGAR,27
sahil,AMBEDKAR NAGAR,23
Ravi,AMBEDKAR NAGAR,1
sahil,AMBEDKAR NAGAR,3
Ravi,AMBEDKAR NAGAR,35
Ravi,AMBEDKAR NAGAR,35
sahil,AMBEDKAR NAGAR,6
sahil,AMBEDKAR NAGAR,22
,AMBEDKAR NAGAR,27
,AMBEDKAR NAGAR,40
,BABARPUR,22
sahil,BABARPUR,7
,BABARPUR,5
sahil,BABARPUR,35
,BABARPUR,8
,BABARPUR,35
,BABARPUR,3
,BABARPUR,37
sahil,BABARPUR,34
,BABARPUR,9
,BABARPUR,35
sahil,BABARPUR,4
,BABARPUR,29
,BABARPUR,38
,BABARPUR,34
sahil,BABARPUR,18
,BABARPUR,11
,BABARPUR,28
sahil,BABARPUR,20
,BABARPUR,21
,BABARPUR,33
,BABARPUR,20
,BABARPUR,32
,BABARPUR,39
,BABARPUR,31
,BABARPUR,38
,BABARPUR,18
,BABARPUR,26
,BADARPUR,5
,BADARPUR,39
Puru,BADARPUR,9
,BADARPUR,25
,BADARPUR,10
,BADARPUR,37
,BADARPUR,7
,BADARPUR,21
,BADARPUR,10
,BADARPUR,22
,BADARPUR,12
,BADARPUR,20
,BADARPUR,38
Puru,BADARPUR,40
,BADARPUR,17
,BADARPUR,40
,BADARPUR,11
,BADARPUR,17
,BADARPUR,23
,BADARPUR,1
Puru,BADARPUR,19
,BADARPUR,12
,BADARPUR,27
,BADARPUR,2
,BADARPUR,26
,BADARPUR,24
,BADARPUR,7
,BADARPUR,8
,BADARPUR,6
sahil,BADLI,10
sahil,BADLI,1
sahil,BADLI,32
,BADLI,22
,BADLI,23
sahil,BADLI,24
,BADLI,16
,BADLI,38
,BADLI,35
,BADLI,6
,BADLI,31
,BADLI,14
,BADLI,36
,BADLI,9
,BADLI,15
,BALLIMARAN,15
,BALLIMARAN,40
,BALLIMARAN,37
,BALLIMARAN,26
,BALLIMARAN,23
,BALLIMARAN,38
,BALLIMARAN,30
,BALLIMARAN,5
PURU,BALLIMARAN,13
,BALLIMARAN,28
,BALLIMARAN,32
,BALLIMARAN,37
,BALLIMARAN,29
,BALLIMARAN,25
,BALLIMARAN,24
rohan,BALLIMARAN,3
,BALLIMARAN,20
,BALLIMARAN,1
,BALLIMARAN,29
,BALLIMARAN,10
,BALLIMARAN,36
,BALLIMARAN,9
,BALLIMARAN,15
,BALLIMARAN,31
,BALLIMARAN,39
,BALLIMARAN,9
,BALLIMARAN,30
,BALLIMARAN,31
,BALLIMARAN,33
,BALLIMARAN,2
,BALLIMARAN,4
,BALLIMARAN,20
,BALLIMARAN,7
,BALLIMARAN,17
,BALLIMARAN,3
,BALLIMARAN,30
,BALLIMARAN,20
,BALLIMARAN,39
,BALLIMARAN,24
,BALLIMARAN,29
,BALLIMARAN,35
,BALLIMARAN,2
,BALLIMARAN,38
,BALLIMARAN,29
,BALLIMARAN,24
,BALLIMARAN,25
,BALLIMARAN,4
,BALLIMARAN,30
,BALLIMARAN,16
,BALLIMARAN,22
,BALLIMARAN,26
,BALLIMARAN,1
naman,BALLIMARAN,16
,BALLIMARAN,22
,BALLIMARAN,33
,BALLIMARAN,5
,BALLIMARAN,4
,BALLIMARAN,27
,BALLIMARAN,18
,BALLIMARAN,26
,BALLIMARAN,28
,BALLIMARAN,10
,BALLIMARAN,2
,BALLIMARAN,35
Puru,BALLIMARAN,19
,BALLIMARAN,32
,BALLIMARAN,26
,BALLIMARAN,36
,BALLIMARAN,24
,BALLIMARAN,21
,BALLIMARAN,33
,BALLIMARAN,24
,BALLIMARAN,23
,BALLIMARAN,2
,BALLIMARAN,24
,BALLIMARAN,28
,BALLIMARAN,39
,BALLIMARAN,17
,BALLIMARAN,33
,BALLIMARAN,20
,BALLIMARAN,32
,BALLIMARAN,34
,BALLIMARAN,35
,BAWANA,17
,BAWANA,29
sahil,BAWANA,14
,BAWANA,25
sahil,BAWANA,13
,BAWANA,37
sahil,BAWANA,22
,BAWANA,12
,BAWANA,21
,BAWANA,11
,BAWANA,21
,BAWANA,30
,BAWANA,21
,BAWANA,11
,BAWANA,12
,BIJWASAN,26
,BIJWASAN,17
,BIJWASAN,8
,BIJWASAN,39
,BIJWASAN,34
,BIJWASAN,21
,BIJWASAN,18
,BIJWASAN,9
,BIJWASAN,39
,BIJWASAN,8
,BIJWASAN,21
,BIJWASAN,16
,BIJWASAN,29
,BIJWASAN,29
,BURARI,11
,BURARI,28
,BURARI,6
,BURARI,7
,BURARI,25
,BURARI,8
rohan,BURARI,40
,BURARI,27
,BURARI,11
,BURARI,11
,BURARI,2
,BURARI,14
,BURARI,19
,BURARI,1
,BURARI,26
,BURARI,4
,BURARI,9
,Chandni chowk,7
Puru,chandni chowk,24
,Chandni chowk,4
Puru,Chandni chowk,6
,Chandni chowk,7
,Chandni chowk,23
,Chandni chowk,9
,Chandni chowk,38
,Chandni chowk,32
,Chandni chowk,13
,Chandni chowk,6
,Chandni chowk,24
Puru,Chandni chowk,13
,Chandni chowk,14
,Chandni chowk,22
,Chandni chowk,23
,Chandni chowk,3
,Chandni chowk,34
,Chandni chowk,14
,Chandni chowk,33
,Chandni chowk,32
,Chandni chowk,32
,Chandni chowk,28
,Chandni chowk,26
,Chandni chowk,17
,Chandni chowk,37
,Chandni chowk,9
,Chandni chowk,33
,Chandni chowk,10
,Chandni chowk,2
,Chandni chowk,20
,Chandni chowk,20
,Chandni chowk,34
,CHATTARPUR,11
,CHATTARPUR,20
,CHATTARPUR,32
,CHATTARPUR,25
,CHATTARPUR,25
,CHATTARPUR,6
,CHATTARPUR,6
,CHATTARPUR,31
,CHATTARPUR,9
,CHATTARPUR,19
,CHATTARPUR,36
,CHATTARPUR,15
,CHATTARPUR,29
,CHATTARPUR,7
,CHATTARPUR,5
,CHATTARPUR,33
,CHATTARPUR,3
,CHATTARPUR,10
,DEOLI,9
,DEOLI,25
,DEOLI,4
,DEOLI,28
,DEOLI,31
,DEOLI,14
,DEOLI,2
,DEOLI,31
,DEOLI,16
,DEOLI,32
,DEOLI,32
,DEOLI,15
,DEOLI,29
,DEOLI,5
,DEOLI,29
,DEOLI,32
,DEOLI,8
,DEOLI,20
,DEOLI,37
,DEOLI,23
,DEOLI,40
,DWARKA,34
,DWARKA,18
,DWARKA,40
,DWARKA,37
sahil,DWARKA,40
,DWARKA,7
,DWARKA,33
,DWARKA,14
,DWARKA,35
,DWARKA,11
,DWARKA,19
,DWARKA,26
,DWARKA,22
sahil,DWARKA,22
,DWARKA,22
,DWARKA,18
,DWARKA,15
,DWARKA,28
,DWARKA,39
,DWARKA,4
,DWARKA,28
,DWARKA,7
sahil,DWARKA,19
,DWARKA,21
,GANDHINAGAR,25
,GANDHINAGAR,28
,GANDHINAGAR,37
,GANDHINAGAR,34
,GANDHINAGAR,11
,GANDHINAGAR,14
,GANDHINAGAR,24
,GANDHINAGAR,27
,GANDHINAGAR,1
,GANDHINAGAR,1
,GANDHINAGAR,31
,GANDHINAGAR,1
,GANDHINAGAR,5
,GANDHINAGAR,26
,GANDHINAGAR,14
,GANDHINAGAR,3
,GANDHINAGAR,9
,GANDHINAGAR,31
,GANDHINAGAR,32
,GANDHINAGAR,35
,GANDHINAGAR,28
,GANDHINAGAR,24
,GANDHINAGAR,25
,GANDHINAGAR,15
,GANDHINAGAR,9
,GANDHINAGAR,28
,GANDHINAGAR,37
,GANDHINAGAR,13
,GANDHINAGAR,29
,GANDHINAGAR,13
,GANDHINAGAR,25
,GANDHINAGAR,33
,GANDHINAGAR,16
,GHONDA,14
sahil,GHONDA,12
sahil,GREATER KAILASH,30
,GREATER KAILASH,38
,GREATER KAILASH,30
,GREATER KAILASH,30
,GREATER KAILASH,5
,GREATER KAILASH,29
,GREATER KAILASH,34
,GREATER KAILASH,8
,GREATER KAILASH,25
,GREATER KAILASH,28
,GREATER KAILASH,37
,GREATER KAILASH,5
sahil,GREATER KAILASH,36
,GREATER KAILASH,37
,GREATER KAILASH,20
,GREATER KAILASH,19
,GREATER KAILASH,39
,GREATER KAILASH,18
sahil,GREATER KAILASH,38
,GREATER KAILASH,37
sahil,GREATER KAILASH,39
,GREATER KAILASH,6
sahi,GREATER KAILASH,21
,GREATER KAILASH,26
,GREATER KAILASH,25
,GREATER KAILASH,9
,Hari nagar,35
,HARI NAGAR,37
,HARI NAGAR,8
,HARI NAGAR,20
,HARI NAGAR,9
,HARI NAGAR,7
,HARI NAGAR,33
,Hari nagar,27
,HARI NAGAR,23
,HARI NAGAR,13
,HARI NAGAR,33
,HARI NAGAR,35
,Hari nagar,18
,HARI NAGAR,6
,Hari nagar,23
,HARI NAGAR,11
,HARI NAGAR,13
,HARI NAGAR,24
,HARI NAGAR,21
,HARI NAGAR,14
,HARI NAGAR,11
,Hari nagar,37
,HARI NAGAR,25
,Hari nagar,35
,HARI NAGAR,16
,HARI NAGAR,30
,HARI NAGAR,3
,Hari nagar,17
,Hari nagar,14
,Hari nagar,23
,Hari nagar,16
,Hari nagar,26
,Hari nagar,5
,Hari nagar,39
,Hari nagar,8
,Hari nagar,17
,Hari nagar,14
,Hari nagar,34
,Hari nagar,23
,Hari nagar,28
sahil,JANAKPURI,15
,JANAKPURI,21
,JANAKPURI,35
,JANAKPURI,28
,JANAKPURI,29
,JANAKPURI,22
,JANAKPURI,30
,JANAKPURI,28
,JANAKPURI,37
,JANAKPURI,21
,JANAKPURI,15
,JANAKPURI,17
,JANAKPURI,31
,JANAKPURI,37
,JANAKPURI,8
,JANAKPURI,40
,Jangpura,3
,Jangpura,14
,Jangpura,12
,Jangpura,20
,Jangpura,24
,Jangpura,5
,Jangpura,33
,Jangpura,39
,Jangpura,40
,Jangpura,3
,KALKAJI,39
,KALKAJI,1
,KALKAJI,34
,KALKAJI,40
,KALKAJI,26
,KALKAJI,33
,KALKAJI,36
,KALKAJI,2
,KALKAJI,14
,KALKAJI,32
,KALKAJI,31
,KALKAJI,35
,KALKAJI,21
,KALKAJI,12
,KALKAJI,27
,KALKAJI,39
,KALKAJI,35
,KARAWAL NAGAR,7
,KARAWAL NAGAR,1
,KARAWAL NAGAR,9
,KARAWAL NAGAR,3
,KARAWAL NAGAR,10
,KARAWAL NAGAR,29
,KARAWAL NAGAR,34
,KARAWAL NAGAR,20
,KARAWAL NAGAR,11
,KARAWAL NAGAR,25
,KARAWAL NAGAR,3
,KARAWAL NAGAR,26
,KARAWAL NAGAR,38
,KARAWAL NAGAR,4
,KARAWAL NAGAR,34
,KARAWAL NAGAR,9
,KARAWAL NAGAR,31
,KARAWAL NAGAR,28
,KAROL BAGH,26
,KAROL BAGH,34
,KAROL BAGH,32
,KAROL BAGH,15
,KAROL BAGH,17
,KAROL BAGH,14
,KAROL BAGH,27
,KAROL BAGH,2
,KAROL BAGH,34
,KAROL BAGH,18
,KAROL BAGH,34
,KAROL BAGH,28
,KAROL BAGH,9
,KAROL BAGH,4
,KAROL BAGH,1
,KAROL BAGH,13
,KAROL BAGH,20
,KAROL BAGH,2
,KAROL BAGH,16
,KAROL BAGH,15
,KAROL BAGH,39
,KAROL BAGH,14
,KAROL BAGH,31
,KAROL BAGH,27
,KAROL BAGH,1
,KAROL BAGH,17
,KAROL BAGH,26
,Kasturba nagar,27
,Kasturba nagar,1
,Kasturba nagar,21
,Kasturba nagar,19
,Kasturba nagar,24
,Kasturba nagar,15
,Kasturba nagar,21
,Kasturba nagar,15
,Kasturba nagar,15
,Kasturba nagar,40
,Kasturba nagar,27
,Kasturba nagar,3
,Kasturba nagar,21
,Kasturba nagar,29
,Kasturba nagar,10
,Kasturba nagar,40
,Kasturba nagar,4
,Kondli,4
,kondli,32
,Kondli,2
,Kondli,31
,Kondli,1
,Kondli,4
,Kondli,32
,Kondli,5
,Kondli,22
,Kondli,5
,Kondli,8
,Kondli,7
,Kondli,5
,Kondli,11
,Kondli,26
,Kondli,36
,Kondli,5
,Kondli,6
,Kondli,16
,MALVIYA NAGAR,8
,MALVIYA NAGAR,10
,MALVIYA NAGAR,9
,MALVIYA NAGAR,15
,MALVIYA NAGAR,34
,MALVIYA NAGAR,1
,MALVIYA NAGAR,35
,MALVIYA NAGAR,35
,MALVIYA NAGAR,36
,MALVIYA NAGAR,31
,MALVIYA NAGAR,18
,MALVIYA NAGAR,6
,MALVIYA NAGAR,23
,MALVIYA NAGAR,34
,MALVIYA NAGAR,16
,MALVIYA NAGAR,34
,MALVIYA NAGAR,39
,MALVIYA NAGAR,7
,MALVIYA NAGAR,6
,MALVIYA NAGAR,30
,MALVIYA NAGAR,27
,MALVIYA NAGAR,26
,MALVIYA NAGAR,1
,MALVIYA NAGAR,9
,MALVIYA NAGAR,1
,MALVIYA NAGAR,3
,MALVIYA NAGAR,38
,MANGOLPURI,26
,MANGOLPURI,33
,MANGOLPURI,22
,MANGOLPURI,29
,MANGOLPURI,16
,MANGOLPURI,20
,MANGOLPURI,40
,MANGOLPURI,14
,MANGOLPURI,23
,MANGOLPURI,24
,MANGOLPURI,30
,MANGOLPURI,19
,Matia mahal,4
,Matia mahal,38
,Matia mahal,27
,Matia mahal,37
,Matia mahal,8
,Matia mahal,16
,Matia mahal,16
,Matia mahal,20
,Matia mahal,35
,Matia mahal,7
,Matia mahal,1
,MEHRAULI,21
,MEHRAULI,8
,MEHRAULI,28
,MEHRAULI,1
,MEHRAULI,9
,MEHRAULI,17
naman,MODEL TOWN,31
naman,MODEL TOWN,6
naman,MODEL TOWN,24
naman,MODEL TOWN,15
naman,MODEL TOWN,20
naman,MODEL TOWN,16
naman,MODEL TOWN,1
naman,MODEL TOWN,33
naman,MODEL TOWN,17
naman,MODEL TOWN,30
naman,MODEL TOWN,40
naman,MODEL TOWN,20
naman,MODEL TOWN,31
naman,MODEL TOWN,29
naman,MODEL TOWN,30
naman,MODEL TOWN,38
naman,MODEL TOWN,6
naman,MODEL TOWN,33
naman,MODEL TOWN,2
naman,MODEL TOWN,24
naman,MODEL TOWN,23
,MOTI NAGAR,19
,MOTI NAGAR,3
,MOTI NAGAR,29
,MOTI NAGAR,16
,MOTI NAGAR,29
,MOTI NAGAR,26
,MOTI NAGAR,35
,MOTI NAGAR,14
,MOTI NAGAR,9
,MOTI NAGAR,8
,MOTI NAGAR,24
,MOTI NAGAR,18
,MOTI NAGAR,7
,MOTI NAGAR,31
,MOTI NAGAR,8
,MOTI NAGAR,18
,MOTI NAGAR,18
,MOTI NAGAR,20
,MOTI NAGAR,30
,MOTI NAGAR,19
,MOTI NAGAR,30
,MOTI NAGAR,38
,MOTI NAGAR,3
,MOTI NAGAR,26
,NAJAFGARH,33
,NAJAFGARH,5
,NAJAFGARH,10
,NAJAFGARH,14
,NAJAFGARH,31
,NAJAFGARH,20
,NAJAFGARH,20
,NAJAFGARH,30
,NAJAFGARH,14
,NAJAFGARH,25
,NAJAFGARH,26
,NAJAFGARH,5
,NAJAFGARH,21
,NAJAFGARH,1
,NAJAFGARH,14
,NAJAFGARH,36
,NAJAFGARH,26
,NANGLOI,19
,NANGLOI,37
,NANGLOI,5
,NANGLOI,36
,NANGLOI,12
,NANGLOI,25
,NANGLOI,38
,NANGLOI,23
,NANGLOI,33
,NANGLOI,19
,NANGLOI,14
,NANGLOI,5
,NANGLOI,24
,NANGLOI,31
,NANGLOI,34
,NANGLOI,24
,NANGLOI,21
,NANGLOI,29
,NANGLOI,40
,NANGLOI,33
,NANGLOI,21
,Narela,9
,Narela,29
,Narela,31
,Narela,33
,Narela,11
,Narela,3
,Narela,13
,Narela,22
,Narela,16
,Narela,5
,Narela,37
,Narela,6
,Narela,17
,Narela,3
,Narela,21
,Narela,30
,Narela,33
,Narela,19
,New delhi,21
,New delhi,26
,New delhi,20
,New delhi,26
,New delhi,21
,New delhi,16
,New delhi,19
,New delhi,6
,New delhi,38
,New delhi,35
,New delhi,34
,New delhi,23
,New delhi,28
,New delhi,13
,New delhi,7
,New delhi,20
,Okhla,26
,Okhla,1
,Okhla,16
,Okhla,22
,Okhla,2
,Okhla,23
,Okhla,9
,Okhla,22
,Okhla,27
,Okhla,11
,Okhla,19
,Okhla,37
,Okhla,18
,Okhla,2
,Okhla,35
,Okhla,1
,Okhla,40
,Okhla,34
,Okhla,7
,Okhla,18
,Okhla,25
,Okhla,2
,Okhla,26
,Okhla,7
,Okhla,4
,Palam,33
,Palam,22
,Palam,28
,Palam,8
,Palam,27
,Palam,27
,Palam,4
,Palam,25
,Palam,28
,Palam,37
,Palam,14
,Palam,37
,Palam,13
,Palam,10
,Palam,34
,Palam,13
,Palam,20
,Palam,25
,Palam,37
,Palam,3
,Palam,18
,Palam,27
,Palam,11
,Palam,17
,Palam,20
,Palam,22
,Palam,31
,Palam,12
,Palam,25
NAMAN,PASCHIM VIHAR,5
,PASCHIM VIHAR,36
,PASCHIM VIHAR,25
,PASCHIM VIHAR,26
,PASCHIM VIHAR,7
,PASCHIM VIHAR,17
,PASCHIM VIHAR,15
,PASCHIM VIHAR,34
,PASCHIM VIHAR,25
,PASCHIM VIHAR,20
,PASCHIM VIHAR,7
,PASCHIM VIHAR,38
,PASCHIM VIHAR,35
,PASCHIM VIHAR,9
,PASCHIM VIHAR,1
,PASCHIM VIHAR,25
,PASCHIM VIHAR,36
,PASCHIM VIHAR,15
,PASCHIM VIHAR,17
,PASCHIM VIHAR,35
,PASCHIM VIHAR,15
,PASCHIM VIHAR,15
,PASCHIM VIHAR,2
,PASCHIM VIHAR,20
,PASCHIM VIHAR,22
,PASCHIM VIHAR,10
,PASCHIM VIHAR,32
,PASCHIM VIHAR,33
,PASCHIM VIHAR,31
,PASCHIM VIHAR,4
,PASCHIM VIHAR,8
,PASCHIM VIHAR,29
,PASCHIM VIHAR,18
,PASCHIM VIHAR,34
,PASCHIM VIHAR,27
,Patparganj,13
,Patparganj,19
,Patparganj,14
,Patparganj,12
,Patparganj,16
,Patparganj,25
,Patparganj,14
,Patparganj,24
,Patparganj,19
,Patparganj,21
,Patparganj,20
,Patparganj,28
,Patparganj,38
,Patparganj,18
,Patparganj,12
,Patparganj,1
,Patparganj,32
,Patparganj,21
,Patparganj,24
,Patparganj,5
,Patparganj,6
,Patparganj,17
,Patparganj,17
,Patparganj,17
,Patparganj,34
,Patparganj,28
,Patparganj,21
,Patparganj,20
,Patparganj,3
,Patparganj,35
,Patparganj,22
,Patparganj,10
,Patparganj,2
,Patparganj,40
,Patparganj,35
,Patparganj,19
,Patparganj,22
,Patparganj,13
,Patparganj,15
,Patparganj,21
,Patparganj,24
,Patparganj,24
,Patparganj,19
,PUNJABI BAGH,22
,PUNJABI BAGH,26
,PUNJABI BAGH,28
,PUNJABI BAGH,1
,PUNJABI BAGH,33
,PUNJABI BAGH,4
,PUNJABI BAGH,40
,PUNJABI BAGH,5
,PUNJABI BAGH,24
,PUNJABI BAGH,39
,PUNJABI BAGH,29
,PUNJABI BAGH,17
,PUNJABI BAGH,19
,Rajendar nagar,32
,Rajendar nagar,40
,Rajendar nagar,26
,Rajendar nagar,6
,Rajendar nagar,38
,Rajendar nagar,22
,Rajendar nagar,9
,Rajendar nagar,31
,Rajendar nagar,15
,Rajendar nagar,23
,Rajendar nagar,17
,Rajendar nagar,13
,Rajendar nagar,6
,Rajendar nagar,15
,Rajendar nagar,27
,Rajendar nagar,33
,Rajouri garden,17
,Rajouri garden,12
,Rajouri garden,39
,Rajouri garden,5
,Rajouri garden,2
,Rajouri garden,22
,Rajouri garden,16
,Rajouri garden,15
,Rajouri garden,22
,Rajouri garden,29
,Rajouri garden,17
,Rajouri garden,36
,Rajouri garden,38
,Rajouri garden,2
,Rajouri garden,19
,Rajouri garden,3
,Rajouri garden,35
,Rajouri garden,27
,Rajouri garden,31
,Rajouri garden,10
,Rajouri garden,33
,Rajouri garden,5
,Rajouri garden,33
,Rajouri garden,14
,Rajouri garden,24
,Rithala,27
,Rithala,13
,Rithala,16
,Rithala,17
,Rithala,11
,Rithala,19
,Rithala,34
,Rithala,36
,Rithala,20
,Rithala,17
,Rithala,30
,Rithala,35
,Rithala,4
,Rithala,11
,Rithala,21
,Rithala,10
,Rithala,17
,Rithala,40
,Rithala,38
,Rithala,19
,Rithala,29
,Rithala,28
,Rithala,34
,Rithala,20
,Rithala,28
,Rithala,36
,Rithala,9
,Rithala,9
,Rithala,16
,Rithala,32
,Rithala,4
,Rithala,32
,Rithala,34
,Rithala,13
,Rithala,9
,RK Puram,23
,RK Puram,8
,RK Puram,22
,RK Puram,11
,RK Puram,34
,RK Puram,31
,RK Puram,26
,RK Puram,33
,RK Puram,25
,RK Puram,28
,RK Puram,4
,RK Puram,3
,RK Puram,35
,RK Puram,21
,RK Puram,29
,RK Puram,2
,RK Puram,14
Sahil,RK Puram,30
,RK Puram,26
,RK Puram,33
,RK Puram,5
,RK Puram,8
,RK Puram,5
,"Rohtash Nagar, Shahdara",1
,Sadar Bazar,12
,Sadar Bazar,19
,Sadar Bazar,10
,Sadar Bazar,9
,Sadar Bazar,27
,Sadar Bazar,14
,Sadar Bazar,19
,Sadar Bazar,12
,Sadar Bazar,28
,Sadar Bazar,20
,Sadar Bazar,22
,Sadar Bazar,12
,Sadar Bazar,29
,Sadar Bazar,21
,Sadar Bazar,25
,Sadar Bazar,39
,Sadar Bazar,32
,Sadar Bazar,26
,Sadar Bazar,23
,Sadar Bazar,21
,Sadar Bazar,6
,Sangam Vihar,37
,Sangam Vihar,1
,Sangam Vihar,8
,Sangam Vihar,39
,Sangam Vihar,11
,Sangam Vihar,11
,Sangam Vihar,5
,Sangam Vihar,18
,Sangam Vihar,38
,Sangam Vihar,6
,Sangam Vihar,7
,Sangam Vihar,30
,Sangam Vihar,13
,Sangam Vihar,6
,Sangam Vihar,17
,Sangam Vihar,14
,Sangam Vihar,19
,Sangam Vihar,32
,Seelampur,24
,Seelampur,3
,Seelampur,39
,Seelampur,33
,Seelampur,13
,Seelampur,36
,Seelampur,26
,Seelampur,1
,Seelampur,17
,Seelampur,22
,Seelampur,24
,Seelampur,26
,Seelampur,21
,Seelampur,34
,Seelampur,20
,Seelampur,23
,Seelampur,10
,Seelampur,19
,Seelampur,36
,Seelampur,28
,Seelampur,3
,Seelampur,32
,Seemapuri,38
,Seemapuri,27
,Seemapuri,22
,Seemapuri,10
,Seemapuri,11
,Seemapuri,34
,Seemapuri,16
,Seemapuri,9
,Seemapuri,26
,Seemapuri,19
,Seemapuri,39
,Seemapuri,21
,Seemapuri,38
,Seemapuri,25
,Seemapuri,17
,Seemapuri,36
,Seemapuri,27
,Seemapuri,4
,Seemapuri,7
,SHAHDRA,16
,SHAHDRA,10
,SHAHDRA,14
,SHAHDRA,35
,SHAHDRA,15
,SHAHDRA,24
,SHAHDRA,7
,SHAHDRA,24
,SHAHDRA,2
,SHAHDRA,28
,SHAHDRA,39
,SHAHDRA,27
,SHAHDRA,6
,SHAHDRA,35
,SHAHDRA,4
,SHAHDRA,32
,Shakur basti,11
,Shakur basti,30
,Shakur basti,19
,Shakur basti,2
,Shakur basti,21
,Shakur basti,19
,Shakur basti,40
,Shakur basti,35
,Shakur basti,36
,Shakur basti,12
,Shakur basti,28
,Shakur basti,18
,Shakur basti,40
,Shakur basti,8
,Shakur basti,31
,Shakur basti,9
,Shakur basti,6
,Shakur basti,22
,Shakur basti,15
,Shakur basti,33
,Shakur basti,28
,Shakur basti,22
,Shakur basti,6
,Shakur basti,10
,Shakur basti,21
,SHALIMAR BAGH,26
,SHALIMAR BAGH,19
,SHALIMAR BAGH,12
,SHALIMAR BAGH,18
,SHALIMAR BAGH,25
NAMAN,SHALIMAR BAGH,31
,SHALIMAR BAGH,40
,SHALIMAR BAGH,27
naman,SHALIMAR BAGH,20
Naman,SHALIMAR BAGH,5
,SHALIMAR BAGH,16
,SHALIMAR BAGH,7
,SHALIMAR BAGH,1
Naman,SHALIMAR BAGH,36
,SHALIMAR BAGH,9
,SHALIMAR BAGH,21
NAMAN,SHALIMAR BAGH,15
,SHALIMAR BAGH,15
,SHALIMAR BAGH,23
,SHALIMAR BAGH,33
,SHALIMAR BAGH,37
,SHALIMAR BAGH,26
,SHALIMAR BAGH,24
,SHALIMAR BAGH,20
NAMAN,SHALIMAR BAGH,32
,SHALIMAR BAGH,3
,SHALIMAR BAGH,6
,SHALIMAR BAGH,18
,SHALIMAR BAGH,2
,SHALIMAR BAGH,13
,SHALIMAR BAGH,29
,SHALIMAR BAGH,2
,SHALIMAR BAGH,40
,Sultanpur majra,34
,Sultanpur majra,1
,Sultanpur majra,40
,Sultanpur majra,20
,Sultanpur majra,1
,Sultanpur majra,5
,Sultanpur majra,20
,Sultanpur majra,2
,Sultanpur majra,24
,Sultanpur majra,32
,Sultanpur majra,6
,Sultanpur majra,30
,Sultanpur majra,8
,Sultanpur majra,36
,Sultanpur majra,32
,Sultanpur majra,1
,Sultanpur majra,20
,Sultanpur majra,20
,Sultanpur majra,10
,Sultanpur majra,37
,Sultanpur majra,17
,Sultanpur majra,13
,Sultanpur majra,10
,Tilak Nagar,30
,Tilak Nagar,6
,Tilak Nagar,2
,Tilak Nagar,6
,Tilak Nagar,26
,Tilak Nagar,8
,Tilak Nagar,18
,Tilak Nagar,8
,Tilak Nagar,34
,Tilak Nagar,10
,Tilak Nagar,11
,Tilak Nagar,10
,Tilak Nagar,10
,Tilak Nagar,34
,Tilak Nagar,5
,Tilak Nagar,36
,Tilak Nagar,15
,Tilak Nagar,9
,Tilak Nagar,31
,Tilak Nagar,4
,Tilak Nagar,6
,Tilak Nagar,29
,Tilak Nagar,35
,Tilak Nagar,8
,Tilak Nagar,11
,Timarpur(Mukherjee Nagar),30
,Timarpur(Mukherjee Nagar),34
,Timarpur(Mukherjee Nagar),25
,Timarpur(Mukherjee Nagar),9
,Timarpur(Mukherjee Nagar),36
,Timarpur(Mukherjee Nagar),6
,Timarpur(Mukherjee Nagar),20
,Timarpur(Mukherjee Nagar),22
,Timarpur(Mukherjee Nagar),7
,Timarpur(Mukherjee Nagar),3
,Timarpur(Mukherjee Nagar),31
,Timarpur(Mukherjee Nagar),17
,Timarpur(Mukherjee Nagar),15
,TRILOKPURI,33
,TRILOKPURI,20
,TRILOKPURI,33
,TRILOKPURI,14
,TRILOKPURI,24
,TRILOKPURI,12
,TRILOKPURI,25
,TRILOKPURI,17
,TRILOKPURI,23
,TRILOKPURI,16
,TRILOKPURI,13
,TRILOKPURI,35
,TRILOKPURI,1
,TRINAGAR,35
,TRINAGAR,28
,TRINAGAR,21
,TRINAGAR,28
,TRINAGAR,33
,TRINAGAR,12
,TRINAGAR,8
,TRINAGAR,17
,TRINAGAR,13
,TRINAGAR,16
,TRINAGAR,26
,TRINAGAR,6
,TRINAGAR,13
,TRINAGAR,1
,TRINAGAR,26
,TRINAGAR,16
,TRINAGAR,3
,TRINAGAR,1
,TRINAGAR,8
,Tughlakabad,30
,Tughlakabad,12
,Tughlakabad,13
,Tughlakabad,14
,Tughlakabad,40
,Tughlakabad,37
,Tughlakabad,5
,Tughlakabad,25
,Tughlakabad,15
,Uttam Nagar,21
,Uttam Nagar,19
,Uttam Nagar,26
,Uttam Nagar,15
,Uttam Nagar,35
,Uttam Nagar,27
,Uttam Nagar,17
,Uttam Nagar,1
,Uttam Nagar,29
,Uttam Nagar,34
,Uttam Nagar,19
,Uttam Nagar,3
,Uttam Nagar,13
,Uttam Nagar,24
,Uttam Nagar,29
,Uttam Nagar,27
,Uttam Nagar,15
,Uttam Nagar,18
,Uttam Nagar,37
,Uttam Nagar,19
,Uttam Nagar,3
,Uttam Nagar,28
,Uttam Nagar,40
,Uttam Nagar,8
,Uttam Nagar,28
,Uttam Nagar,35
,Uttam Nagar,1
,Uttam Nagar,34
,Uttam Nagar,7
,Uttam Nagar,7
,Uttam Nagar,25
,VIKASPURI,27
,VIKASPURI,39
,VIKASPURI,20
,VIKASPURI,17
,VIKASPURI,5
,VIKASPURI,8
,VIKASPURI,29
,VIKASPURI,25
,VIKASPURI,14
,VIKASPURI,39
,VIKASPURI,33
,VIKASPURI,37
,VIKASPURI,2
,VIKASPURI,6
,VIKASPURI,5
,VIKASPURI,20
,VIKASPURI,17
,VIKASPURI,6
,VIKASPURI,35
,VIKASPURI,17
,VIKASPURI,38
,VIKASPURI,23
,VIKASPURI,21
,VISHWAS NAGAR,40
,VISHWAS NAGAR,1
,VISHWAS NAGAR,24
,VISHWAS NAGAR,30
,VISHWAS NAGAR,30
,VISHWAS NAGAR,35
,VISHWAS NAGAR,26
,VISHWAS NAGAR,35
,WAZIRPUR,25
,WAZIRPUR,38
,WAZIRPUR,9
,WAZIRPUR,14
,WAZIRPUR,26
,WAZIRPUR,30
,WAZIRPUR,30
,WAZIRPUR,4
,WAZIRPUR,27
,WAZIRPUR,7
,WAZIRPUR,27
,WAZIRPUR,28
,WAZIRPUR,11
,WAZIRPUR,11
,WAZIRPUR,17
,WAZIRPUR,6
,WAZIRPUR,14
,WAZIRPUR,17
,WAZIRPUR,35
,WAZIRPUR,1
,WAZIRPUR,20
,WAZIRPUR,31
,WAZIRPUR,13
,,32
,Punjabi Bagh,1
,Punjabi Bagh,31
,Punjabi Bagh,37
,Punjabi Bagh,29
,Punjabi Bagh,22
,Punjabi Bagh,30
,Punjabi Bagh,38
,Punjabi Bagh,13
,Punjabi Bagh,37
,Punjabi Bagh,37
,Punjabi Bagh,3
,Punjabi Bagh,35
,Punjabi Bagh,1
,Punjabi Bagh,31
,Punjabi Bagh,18
,Punjabi Bagh,24
,,5
,Sultanpuri,14
,Sultanpuri,15
,Sultanpuri,30
,Sultanpuri,17
,Sultanpuri,21
,Sultanpuri,2
,Sultanpuri,1
,Sultanpuri,11
,Sultanpuri,40
,Sultanpuri,9
,Sultanpuri,19
,Sultanpuri,24
,Sultanpuri,34
,Sultanpuri,18
,Sultanpuri,32
,Sultanpuri,33
,Sultanpuri,10
,,33
